"BROKEN","EPIC","FAILED","FEATURE","PASSED","SKIPPED","STORY","UNKNOWN"
"2","","0","Timelogs","1","0","Get Timelogs by Project","0"
"2","","0","Attachments","1","0","Get Attachments by Project","0"
"1","","1","Links","1","0","Create Link","0"
"2","","1","Timelogs","0","0","Get Timelog","0"
"2","","0","Comments","1","0","Get Comments List","0"
"0","","4","","2","1","","0"
"24","","1","Tasks","0","0","Create Task","0"
"2","","1","Links","0","0","Get Link","0"
"0","","1","Resources","1","0","Get Resources List","0"
"0","","1","Colors","1","0","Get Colors","0"
"3","","0","Comments","0","0","Update Comment","0"
"4","","2","Tasks","0","0","Delete Task","0"
"1","","1","Links","0","0","Delete Link","0"
"0","","1","Attachments","0","1","Delete Attachment","0"
"1","","1","Comments","0","0","Delete Comment","0"
"2","","1","Timelogs","0","0","Update Timelog","0"
"2","","0","Attachments","1","0","Get Attachments List","0"
"3","","0","Tasks","0","0","Update Resource","0"
"4","","0","Tasks","0","0","Assign Resource","0"
"2","","0","Timelogs","1","0","Get Timelogs List","0"
"3","","0","Tasks","1","0","Get Tasks List","0"
"0","","1","Attachments","1","1","Delete Attachments","0"
"2","","1","Attachments","0","0","Add Attachment","0"
"2","","1","Links","0","0","Update Link","0"
"0","","1","Roles","1","0","Get Project Roles","0"
"3","","0","Tasks","0","0","Delete Assignment","0"
"0","","1","Resources","2","0","Get Resources","0"
"3","","0","Tasks","0","0","Assign Resources","0"
"2","","0","Comments","1","0","Get Comments by Project","0"
"0","","1","Projects","2","0","Get Projects List","0"
"5","","2","Tasks","0","0","Update Task","0"
"0","","1","Team","2","0","Get Team","0"
"0","","1","Roles","1","0","Get Account Roles","0"
"0","","1","Languages","1","0","Get Languages","0"
"2","","1","Timelogs","0","0","Add Timelog","0"
"2","","1","Comments","0","0","Add Comment","0"
"1","","1","Timelogs","0","0","Delete Timelog","0"
